entry_name,entry_type,model_type,benchmark,n_features,feature_columns,mae,notes
elasticnet_current,model,elasticnet,VOO,14,"mom_3m,mom_6m,mom_12m,vol_63d,yield_slope,yield_curvature,real_rate_10y,credit_spread_hy,nfci,vix,vmt_yoy,investment_income_growth_yoy,roe_net_income_ttm,underwriting_income",0.22898510054463014,Current deployed ElasticNet feature set.
elasticnet_current,model,elasticnet,VXUS,14,"mom_3m,mom_6m,mom_12m,vol_63d,yield_slope,yield_curvature,real_rate_10y,credit_spread_hy,nfci,vix,vmt_yoy,investment_income_growth_yoy,roe_net_income_ttm,underwriting_income",0.15594487515401592,Current deployed ElasticNet feature set.
elasticnet_current,model,elasticnet,VMBS,14,"mom_3m,mom_6m,mom_12m,vol_63d,yield_slope,yield_curvature,real_rate_10y,credit_spread_hy,nfci,vix,vmt_yoy,investment_income_growth_yoy,roe_net_income_ttm,underwriting_income",0.13070299845298977,Current deployed ElasticNet feature set.
elasticnet_current,model,elasticnet,VWO,14,"mom_3m,mom_6m,mom_12m,vol_63d,yield_slope,yield_curvature,real_rate_10y,credit_spread_hy,nfci,vix,vmt_yoy,investment_income_growth_yoy,roe_net_income_ttm,underwriting_income",0.16210504792785935,Current deployed ElasticNet feature set.
elasticnet_current,model,elasticnet,BND,14,"mom_3m,mom_6m,mom_12m,vol_63d,yield_slope,yield_curvature,real_rate_10y,credit_spread_hy,nfci,vix,vmt_yoy,investment_income_growth_yoy,roe_net_income_ttm,underwriting_income",0.1384733800134377,Current deployed ElasticNet feature set.
elasticnet_current,model,elasticnet,GLD,14,"mom_3m,mom_6m,mom_12m,vol_63d,yield_slope,yield_curvature,real_rate_10y,credit_spread_hy,nfci,vix,vmt_yoy,investment_income_growth_yoy,roe_net_income_ttm,underwriting_income",0.17223183676122453,Current deployed ElasticNet feature set.
elasticnet_current,model,elasticnet,DBC,14,"mom_3m,mom_6m,mom_12m,vol_63d,yield_slope,yield_curvature,real_rate_10y,credit_spread_hy,nfci,vix,vmt_yoy,investment_income_growth_yoy,roe_net_income_ttm,underwriting_income",0.1976804163668127,Current deployed ElasticNet feature set.
elasticnet_current,model,elasticnet,VDE,14,"mom_3m,mom_6m,mom_12m,vol_63d,yield_slope,yield_curvature,real_rate_10y,credit_spread_hy,nfci,vix,vmt_yoy,investment_income_growth_yoy,roe_net_income_ttm,underwriting_income",0.22597495747233762,Current deployed ElasticNet feature set.
ridge_current,model,ridge,VOO,14,"mom_3m,mom_6m,mom_12m,vol_63d,yield_slope,yield_curvature,real_rate_10y,credit_spread_hy,nfci,vix,vmt_yoy,combined_ratio_ttm,investment_income_growth_yoy,roe_net_income_ttm",0.24297973462591876,Current deployed Ridge feature set.
ridge_current,model,ridge,VXUS,14,"mom_3m,mom_6m,mom_12m,vol_63d,yield_slope,yield_curvature,real_rate_10y,credit_spread_hy,nfci,vix,vmt_yoy,combined_ratio_ttm,investment_income_growth_yoy,roe_net_income_ttm",0.1519424190487868,Current deployed Ridge feature set.
ridge_current,model,ridge,VMBS,14,"mom_3m,mom_6m,mom_12m,vol_63d,yield_slope,yield_curvature,real_rate_10y,credit_spread_hy,nfci,vix,vmt_yoy,combined_ratio_ttm,investment_income_growth_yoy,roe_net_income_ttm",0.12759268262075993,Current deployed Ridge feature set.
ridge_current,model,ridge,VWO,14,"mom_3m,mom_6m,mom_12m,vol_63d,yield_slope,yield_curvature,real_rate_10y,credit_spread_hy,nfci,vix,vmt_yoy,combined_ratio_ttm,investment_income_growth_yoy,roe_net_income_ttm",0.1494663402750228,Current deployed Ridge feature set.
ridge_current,model,ridge,BND,14,"mom_3m,mom_6m,mom_12m,vol_63d,yield_slope,yield_curvature,real_rate_10y,credit_spread_hy,nfci,vix,vmt_yoy,combined_ratio_ttm,investment_income_growth_yoy,roe_net_income_ttm",0.13897906442530875,Current deployed Ridge feature set.
ridge_current,model,ridge,GLD,14,"mom_3m,mom_6m,mom_12m,vol_63d,yield_slope,yield_curvature,real_rate_10y,credit_spread_hy,nfci,vix,vmt_yoy,combined_ratio_ttm,investment_income_growth_yoy,roe_net_income_ttm",0.17832834893489083,Current deployed Ridge feature set.
ridge_current,model,ridge,DBC,14,"mom_3m,mom_6m,mom_12m,vol_63d,yield_slope,yield_curvature,real_rate_10y,credit_spread_hy,nfci,vix,vmt_yoy,combined_ratio_ttm,investment_income_growth_yoy,roe_net_income_ttm",0.21020538534493372,Current deployed Ridge feature set.
ridge_current,model,ridge,VDE,14,"mom_3m,mom_6m,mom_12m,vol_63d,yield_slope,yield_curvature,real_rate_10y,credit_spread_hy,nfci,vix,vmt_yoy,combined_ratio_ttm,investment_income_growth_yoy,roe_net_income_ttm",0.22056719567320207,Current deployed Ridge feature set.
bayesian_ridge_current,model,bayesian_ridge,VOO,16,"mom_3m,mom_6m,mom_12m,vol_63d,yield_slope,yield_curvature,real_rate_10y,credit_spread_hy,nfci,vix,vmt_yoy,combined_ratio_ttm,investment_income_growth_yoy,roe_net_income_ttm,buyback_yield,buyback_acceleration",0.4079655845207931,Current deployed BayesianRidge feature set.
bayesian_ridge_current,model,bayesian_ridge,VXUS,16,"mom_3m,mom_6m,mom_12m,vol_63d,yield_slope,yield_curvature,real_rate_10y,credit_spread_hy,nfci,vix,vmt_yoy,combined_ratio_ttm,investment_income_growth_yoy,roe_net_income_ttm,buyback_yield,buyback_acceleration",0.20305594543922548,Current deployed BayesianRidge feature set.
bayesian_ridge_current,model,bayesian_ridge,VMBS,16,"mom_3m,mom_6m,mom_12m,vol_63d,yield_slope,yield_curvature,real_rate_10y,credit_spread_hy,nfci,vix,vmt_yoy,combined_ratio_ttm,investment_income_growth_yoy,roe_net_income_ttm,buyback_yield,buyback_acceleration",0.16865598077511726,Current deployed BayesianRidge feature set.
bayesian_ridge_current,model,bayesian_ridge,VWO,16,"mom_3m,mom_6m,mom_12m,vol_63d,yield_slope,yield_curvature,real_rate_10y,credit_spread_hy,nfci,vix,vmt_yoy,combined_ratio_ttm,investment_income_growth_yoy,roe_net_income_ttm,buyback_yield,buyback_acceleration",0.19671344583792308,Current deployed BayesianRidge feature set.
bayesian_ridge_current,model,bayesian_ridge,BND,16,"mom_3m,mom_6m,mom_12m,vol_63d,yield_slope,yield_curvature,real_rate_10y,credit_spread_hy,nfci,vix,vmt_yoy,combined_ratio_ttm,investment_income_growth_yoy,roe_net_income_ttm,buyback_yield,buyback_acceleration",0.1586297085939186,Current deployed BayesianRidge feature set.
bayesian_ridge_current,model,bayesian_ridge,GLD,16,"mom_3m,mom_6m,mom_12m,vol_63d,yield_slope,yield_curvature,real_rate_10y,credit_spread_hy,nfci,vix,vmt_yoy,combined_ratio_ttm,investment_income_growth_yoy,roe_net_income_ttm,buyback_yield,buyback_acceleration",0.25632913462470264,Current deployed BayesianRidge feature set.
bayesian_ridge_current,model,bayesian_ridge,DBC,16,"mom_3m,mom_6m,mom_12m,vol_63d,yield_slope,yield_curvature,real_rate_10y,credit_spread_hy,nfci,vix,vmt_yoy,combined_ratio_ttm,investment_income_growth_yoy,roe_net_income_ttm,buyback_yield,buyback_acceleration",0.6138676572159931,Current deployed BayesianRidge feature set.
bayesian_ridge_current,model,bayesian_ridge,VDE,16,"mom_3m,mom_6m,mom_12m,vol_63d,yield_slope,yield_curvature,real_rate_10y,credit_spread_hy,nfci,vix,vmt_yoy,combined_ratio_ttm,investment_income_growth_yoy,roe_net_income_ttm,buyback_yield,buyback_acceleration",0.7405788956436357,Current deployed BayesianRidge feature set.
gbt_current,model,gbt,VOO,11,"mom_3m,mom_6m,mom_12m,vol_63d,yield_slope,yield_curvature,real_rate_10y,credit_spread_hy,nfci,vix,vmt_yoy",0.282460727340271,Current deployed GBT feature set.
gbt_current,model,gbt,VXUS,11,"mom_3m,mom_6m,mom_12m,vol_63d,yield_slope,yield_curvature,real_rate_10y,credit_spread_hy,nfci,vix,vmt_yoy",0.13857768321021993,Current deployed GBT feature set.
gbt_current,model,gbt,VMBS,11,"mom_3m,mom_6m,mom_12m,vol_63d,yield_slope,yield_curvature,real_rate_10y,credit_spread_hy,nfci,vix,vmt_yoy",0.126172224089959,Current deployed GBT feature set.
gbt_current,model,gbt,VWO,11,"mom_3m,mom_6m,mom_12m,vol_63d,yield_slope,yield_curvature,real_rate_10y,credit_spread_hy,nfci,vix,vmt_yoy",0.15425158609731784,Current deployed GBT feature set.
gbt_current,model,gbt,BND,11,"mom_3m,mom_6m,mom_12m,vol_63d,yield_slope,yield_curvature,real_rate_10y,credit_spread_hy,nfci,vix,vmt_yoy",0.13171375962862367,Current deployed GBT feature set.
gbt_current,model,gbt,GLD,11,"mom_3m,mom_6m,mom_12m,vol_63d,yield_slope,yield_curvature,real_rate_10y,credit_spread_hy,nfci,vix,vmt_yoy",0.19123897590160793,Current deployed GBT feature set.
gbt_current,model,gbt,DBC,11,"mom_3m,mom_6m,mom_12m,vol_63d,yield_slope,yield_curvature,real_rate_10y,credit_spread_hy,nfci,vix,vmt_yoy",0.1848691343072933,Current deployed GBT feature set.
gbt_current,model,gbt,VDE,11,"mom_3m,mom_6m,mom_12m,vol_63d,yield_slope,yield_curvature,real_rate_10y,credit_spread_hy,nfci,vix,vmt_yoy",0.21757223256210736,Current deployed GBT feature set.
ridge_lean_v1,model,ridge,VOO,12,"mom_12m,vol_63d,yield_slope,yield_curvature,real_rate_10y,credit_spread_hy,nfci,vix,combined_ratio_ttm,investment_income_growth_yoy,roe_net_income_ttm,npw_growth_yoy",0.21893821375174044,Base v14/v15 Ridge replacement candidate.
ridge_lean_v1,model,ridge,VXUS,12,"mom_12m,vol_63d,yield_slope,yield_curvature,real_rate_10y,credit_spread_hy,nfci,vix,combined_ratio_ttm,investment_income_growth_yoy,roe_net_income_ttm,npw_growth_yoy",0.13556352604745542,Base v14/v15 Ridge replacement candidate.
ridge_lean_v1,model,ridge,VMBS,12,"mom_12m,vol_63d,yield_slope,yield_curvature,real_rate_10y,credit_spread_hy,nfci,vix,combined_ratio_ttm,investment_income_growth_yoy,roe_net_income_ttm,npw_growth_yoy",0.11614537511632865,Base v14/v15 Ridge replacement candidate.
ridge_lean_v1,model,ridge,VWO,12,"mom_12m,vol_63d,yield_slope,yield_curvature,real_rate_10y,credit_spread_hy,nfci,vix,combined_ratio_ttm,investment_income_growth_yoy,roe_net_income_ttm,npw_growth_yoy",0.1554487743215553,Base v14/v15 Ridge replacement candidate.
ridge_lean_v1,model,ridge,BND,12,"mom_12m,vol_63d,yield_slope,yield_curvature,real_rate_10y,credit_spread_hy,nfci,vix,combined_ratio_ttm,investment_income_growth_yoy,roe_net_income_ttm,npw_growth_yoy",0.1285655119346581,Base v14/v15 Ridge replacement candidate.
ridge_lean_v1,model,ridge,GLD,12,"mom_12m,vol_63d,yield_slope,yield_curvature,real_rate_10y,credit_spread_hy,nfci,vix,combined_ratio_ttm,investment_income_growth_yoy,roe_net_income_ttm,npw_growth_yoy",0.17574640323598392,Base v14/v15 Ridge replacement candidate.
ridge_lean_v1,model,ridge,DBC,12,"mom_12m,vol_63d,yield_slope,yield_curvature,real_rate_10y,credit_spread_hy,nfci,vix,combined_ratio_ttm,investment_income_growth_yoy,roe_net_income_ttm,npw_growth_yoy",0.22002672756463598,Base v14/v15 Ridge replacement candidate.
ridge_lean_v1,model,ridge,VDE,12,"mom_12m,vol_63d,yield_slope,yield_curvature,real_rate_10y,credit_spread_hy,nfci,vix,combined_ratio_ttm,investment_income_growth_yoy,roe_net_income_ttm,npw_growth_yoy",0.21879437369355703,Base v14/v15 Ridge replacement candidate.
gbt_lean_plus_two,model,gbt,VOO,13,"mom_3m,mom_6m,mom_12m,vol_63d,yield_slope,yield_curvature,real_rate_10y,credit_spread_hy,nfci,vix,vmt_yoy,pif_growth_yoy,investment_book_yield",0.21590894427395152,Base v14/v15 GBT replacement candidate.
gbt_lean_plus_two,model,gbt,VXUS,13,"mom_3m,mom_6m,mom_12m,vol_63d,yield_slope,yield_curvature,real_rate_10y,credit_spread_hy,nfci,vix,vmt_yoy,pif_growth_yoy,investment_book_yield",0.13945710356385546,Base v14/v15 GBT replacement candidate.
gbt_lean_plus_two,model,gbt,VMBS,13,"mom_3m,mom_6m,mom_12m,vol_63d,yield_slope,yield_curvature,real_rate_10y,credit_spread_hy,nfci,vix,vmt_yoy,pif_growth_yoy,investment_book_yield",0.12460551824270634,Base v14/v15 GBT replacement candidate.
gbt_lean_plus_two,model,gbt,VWO,13,"mom_3m,mom_6m,mom_12m,vol_63d,yield_slope,yield_curvature,real_rate_10y,credit_spread_hy,nfci,vix,vmt_yoy,pif_growth_yoy,investment_book_yield",0.14789755139966584,Base v14/v15 GBT replacement candidate.
gbt_lean_plus_two,model,gbt,BND,13,"mom_3m,mom_6m,mom_12m,vol_63d,yield_slope,yield_curvature,real_rate_10y,credit_spread_hy,nfci,vix,vmt_yoy,pif_growth_yoy,investment_book_yield",0.12697016978529224,Base v14/v15 GBT replacement candidate.
gbt_lean_plus_two,model,gbt,GLD,13,"mom_3m,mom_6m,mom_12m,vol_63d,yield_slope,yield_curvature,real_rate_10y,credit_spread_hy,nfci,vix,vmt_yoy,pif_growth_yoy,investment_book_yield",0.18793441401384886,Base v14/v15 GBT replacement candidate.
gbt_lean_plus_two,model,gbt,DBC,13,"mom_3m,mom_6m,mom_12m,vol_63d,yield_slope,yield_curvature,real_rate_10y,credit_spread_hy,nfci,vix,vmt_yoy,pif_growth_yoy,investment_book_yield",0.18729331836974744,Base v14/v15 GBT replacement candidate.
gbt_lean_plus_two,model,gbt,VDE,13,"mom_3m,mom_6m,mom_12m,vol_63d,yield_slope,yield_curvature,real_rate_10y,credit_spread_hy,nfci,vix,vmt_yoy,pif_growth_yoy,investment_book_yield",0.21698856323292448,Base v14/v15 GBT replacement candidate.
ridge_lean_v1__v16,model,ridge,VOO,12,"mom_12m,vol_63d,yield_slope,yield_curvature,real_rate_10y,credit_spread_hy,nfci,vix,combined_ratio_ttm,investment_income_growth_yoy,book_value_per_share_growth_yoy,npw_growth_yoy",0.2316055177887026,v16 Ridge with book value growth replacing ROE net income TTM.
ridge_lean_v1__v16,model,ridge,VXUS,12,"mom_12m,vol_63d,yield_slope,yield_curvature,real_rate_10y,credit_spread_hy,nfci,vix,combined_ratio_ttm,investment_income_growth_yoy,book_value_per_share_growth_yoy,npw_growth_yoy",0.13540155462034556,v16 Ridge with book value growth replacing ROE net income TTM.
ridge_lean_v1__v16,model,ridge,VMBS,12,"mom_12m,vol_63d,yield_slope,yield_curvature,real_rate_10y,credit_spread_hy,nfci,vix,combined_ratio_ttm,investment_income_growth_yoy,book_value_per_share_growth_yoy,npw_growth_yoy",0.12384271707945117,v16 Ridge with book value growth replacing ROE net income TTM.
ridge_lean_v1__v16,model,ridge,VWO,12,"mom_12m,vol_63d,yield_slope,yield_curvature,real_rate_10y,credit_spread_hy,nfci,vix,combined_ratio_ttm,investment_income_growth_yoy,book_value_per_share_growth_yoy,npw_growth_yoy",0.14601540838913898,v16 Ridge with book value growth replacing ROE net income TTM.
ridge_lean_v1__v16,model,ridge,BND,12,"mom_12m,vol_63d,yield_slope,yield_curvature,real_rate_10y,credit_spread_hy,nfci,vix,combined_ratio_ttm,investment_income_growth_yoy,book_value_per_share_growth_yoy,npw_growth_yoy",0.13246565163656376,v16 Ridge with book value growth replacing ROE net income TTM.
ridge_lean_v1__v16,model,ridge,GLD,12,"mom_12m,vol_63d,yield_slope,yield_curvature,real_rate_10y,credit_spread_hy,nfci,vix,combined_ratio_ttm,investment_income_growth_yoy,book_value_per_share_growth_yoy,npw_growth_yoy",0.1793232892250617,v16 Ridge with book value growth replacing ROE net income TTM.
ridge_lean_v1__v16,model,ridge,DBC,12,"mom_12m,vol_63d,yield_slope,yield_curvature,real_rate_10y,credit_spread_hy,nfci,vix,combined_ratio_ttm,investment_income_growth_yoy,book_value_per_share_growth_yoy,npw_growth_yoy",0.19241164653134288,v16 Ridge with book value growth replacing ROE net income TTM.
ridge_lean_v1__v16,model,ridge,VDE,12,"mom_12m,vol_63d,yield_slope,yield_curvature,real_rate_10y,credit_spread_hy,nfci,vix,combined_ratio_ttm,investment_income_growth_yoy,book_value_per_share_growth_yoy,npw_growth_yoy",0.19352845912294656,v16 Ridge with book value growth replacing ROE net income TTM.
gbt_lean_plus_two__v16,model,gbt,VOO,13,"mom_3m,mom_6m,mom_12m,vol_63d,yield_slope,yield_curvature,real_rate_10y,credit_spread_hy,nfci,vix,rate_adequacy_gap_yoy,pif_growth_yoy,investment_book_yield",0.21841749277391379,v16 GBT with rate adequacy gap replacing vehicle miles traveled.
gbt_lean_plus_two__v16,model,gbt,VXUS,13,"mom_3m,mom_6m,mom_12m,vol_63d,yield_slope,yield_curvature,real_rate_10y,credit_spread_hy,nfci,vix,rate_adequacy_gap_yoy,pif_growth_yoy,investment_book_yield",0.1404072987149397,v16 GBT with rate adequacy gap replacing vehicle miles traveled.
gbt_lean_plus_two__v16,model,gbt,VMBS,13,"mom_3m,mom_6m,mom_12m,vol_63d,yield_slope,yield_curvature,real_rate_10y,credit_spread_hy,nfci,vix,rate_adequacy_gap_yoy,pif_growth_yoy,investment_book_yield",0.11791498590474904,v16 GBT with rate adequacy gap replacing vehicle miles traveled.
gbt_lean_plus_two__v16,model,gbt,VWO,13,"mom_3m,mom_6m,mom_12m,vol_63d,yield_slope,yield_curvature,real_rate_10y,credit_spread_hy,nfci,vix,rate_adequacy_gap_yoy,pif_growth_yoy,investment_book_yield",0.1449781002608599,v16 GBT with rate adequacy gap replacing vehicle miles traveled.
gbt_lean_plus_two__v16,model,gbt,BND,13,"mom_3m,mom_6m,mom_12m,vol_63d,yield_slope,yield_curvature,real_rate_10y,credit_spread_hy,nfci,vix,rate_adequacy_gap_yoy,pif_growth_yoy,investment_book_yield",0.124495328105734,v16 GBT with rate adequacy gap replacing vehicle miles traveled.
gbt_lean_plus_two__v16,model,gbt,GLD,13,"mom_3m,mom_6m,mom_12m,vol_63d,yield_slope,yield_curvature,real_rate_10y,credit_spread_hy,nfci,vix,rate_adequacy_gap_yoy,pif_growth_yoy,investment_book_yield",0.18421741193594793,v16 GBT with rate adequacy gap replacing vehicle miles traveled.
gbt_lean_plus_two__v16,model,gbt,DBC,13,"mom_3m,mom_6m,mom_12m,vol_63d,yield_slope,yield_curvature,real_rate_10y,credit_spread_hy,nfci,vix,rate_adequacy_gap_yoy,pif_growth_yoy,investment_book_yield",0.17040574697574198,v16 GBT with rate adequacy gap replacing vehicle miles traveled.
gbt_lean_plus_two__v16,model,gbt,VDE,13,"mom_3m,mom_6m,mom_12m,vol_63d,yield_slope,yield_curvature,real_rate_10y,credit_spread_hy,nfci,vix,rate_adequacy_gap_yoy,pif_growth_yoy,investment_book_yield",0.1991082391050134,v16 GBT with rate adequacy gap replacing vehicle miles traveled.
ridge_lean_v1__v18,model,ridge,VOO,12,"mom_12m,vol_63d,yield_slope,real_yield_change_6m,real_rate_10y,credit_spread_hy,nfci,vix,combined_ratio_ttm,investment_income_growth_yoy,book_value_per_share_growth_yoy,npw_growth_yoy",0.22546148113037473,v18 Ridge swap: real_yield_change_6m replacing yield_curvature on the v16 Ridge stack.
ridge_lean_v1__v18,model,ridge,VXUS,12,"mom_12m,vol_63d,yield_slope,real_yield_change_6m,real_rate_10y,credit_spread_hy,nfci,vix,combined_ratio_ttm,investment_income_growth_yoy,book_value_per_share_growth_yoy,npw_growth_yoy",0.1376789179046301,v18 Ridge swap: real_yield_change_6m replacing yield_curvature on the v16 Ridge stack.
ridge_lean_v1__v18,model,ridge,VMBS,12,"mom_12m,vol_63d,yield_slope,real_yield_change_6m,real_rate_10y,credit_spread_hy,nfci,vix,combined_ratio_ttm,investment_income_growth_yoy,book_value_per_share_growth_yoy,npw_growth_yoy",0.13088168919476967,v18 Ridge swap: real_yield_change_6m replacing yield_curvature on the v16 Ridge stack.
ridge_lean_v1__v18,model,ridge,VWO,12,"mom_12m,vol_63d,yield_slope,real_yield_change_6m,real_rate_10y,credit_spread_hy,nfci,vix,combined_ratio_ttm,investment_income_growth_yoy,book_value_per_share_growth_yoy,npw_growth_yoy",0.15947942289605718,v18 Ridge swap: real_yield_change_6m replacing yield_curvature on the v16 Ridge stack.
ridge_lean_v1__v18,model,ridge,BND,12,"mom_12m,vol_63d,yield_slope,real_yield_change_6m,real_rate_10y,credit_spread_hy,nfci,vix,combined_ratio_ttm,investment_income_growth_yoy,book_value_per_share_growth_yoy,npw_growth_yoy",0.1362330852655341,v18 Ridge swap: real_yield_change_6m replacing yield_curvature on the v16 Ridge stack.
ridge_lean_v1__v18,model,ridge,GLD,12,"mom_12m,vol_63d,yield_slope,real_yield_change_6m,real_rate_10y,credit_spread_hy,nfci,vix,combined_ratio_ttm,investment_income_growth_yoy,book_value_per_share_growth_yoy,npw_growth_yoy",0.18313266748545315,v18 Ridge swap: real_yield_change_6m replacing yield_curvature on the v16 Ridge stack.
ridge_lean_v1__v18,model,ridge,DBC,12,"mom_12m,vol_63d,yield_slope,real_yield_change_6m,real_rate_10y,credit_spread_hy,nfci,vix,combined_ratio_ttm,investment_income_growth_yoy,book_value_per_share_growth_yoy,npw_growth_yoy",0.19424514675944632,v18 Ridge swap: real_yield_change_6m replacing yield_curvature on the v16 Ridge stack.
ridge_lean_v1__v18,model,ridge,VDE,12,"mom_12m,vol_63d,yield_slope,real_yield_change_6m,real_rate_10y,credit_spread_hy,nfci,vix,combined_ratio_ttm,investment_income_growth_yoy,book_value_per_share_growth_yoy,npw_growth_yoy",0.20379589686190916,v18 Ridge swap: real_yield_change_6m replacing yield_curvature on the v16 Ridge stack.
ridge_lean_v1__v20_value,model,ridge,VOO,12,"mom_12m,vol_63d,yield_slope,yield_curvature,real_rate_10y,credit_spread_hy,nfci,vix,combined_ratio_ttm,investment_income_growth_yoy,pgr_pe_vs_market_pe,npw_growth_yoy",0.23677179040257051,v20 Ridge valuation swap: pgr_pe_vs_market_pe replacing roe_net_income_ttm.
ridge_lean_v1__v20_value,model,ridge,VXUS,12,"mom_12m,vol_63d,yield_slope,yield_curvature,real_rate_10y,credit_spread_hy,nfci,vix,combined_ratio_ttm,investment_income_growth_yoy,pgr_pe_vs_market_pe,npw_growth_yoy",0.13118210455785206,v20 Ridge valuation swap: pgr_pe_vs_market_pe replacing roe_net_income_ttm.
ridge_lean_v1__v20_value,model,ridge,VMBS,12,"mom_12m,vol_63d,yield_slope,yield_curvature,real_rate_10y,credit_spread_hy,nfci,vix,combined_ratio_ttm,investment_income_growth_yoy,pgr_pe_vs_market_pe,npw_growth_yoy",0.11406851070925628,v20 Ridge valuation swap: pgr_pe_vs_market_pe replacing roe_net_income_ttm.
ridge_lean_v1__v20_value,model,ridge,VWO,12,"mom_12m,vol_63d,yield_slope,yield_curvature,real_rate_10y,credit_spread_hy,nfci,vix,combined_ratio_ttm,investment_income_growth_yoy,pgr_pe_vs_market_pe,npw_growth_yoy",0.15230196548885214,v20 Ridge valuation swap: pgr_pe_vs_market_pe replacing roe_net_income_ttm.
ridge_lean_v1__v20_value,model,ridge,BND,12,"mom_12m,vol_63d,yield_slope,yield_curvature,real_rate_10y,credit_spread_hy,nfci,vix,combined_ratio_ttm,investment_income_growth_yoy,pgr_pe_vs_market_pe,npw_growth_yoy",0.12895684960362053,v20 Ridge valuation swap: pgr_pe_vs_market_pe replacing roe_net_income_ttm.
ridge_lean_v1__v20_value,model,ridge,GLD,12,"mom_12m,vol_63d,yield_slope,yield_curvature,real_rate_10y,credit_spread_hy,nfci,vix,combined_ratio_ttm,investment_income_growth_yoy,pgr_pe_vs_market_pe,npw_growth_yoy",0.18392164735876437,v20 Ridge valuation swap: pgr_pe_vs_market_pe replacing roe_net_income_ttm.
ridge_lean_v1__v20_value,model,ridge,DBC,12,"mom_12m,vol_63d,yield_slope,yield_curvature,real_rate_10y,credit_spread_hy,nfci,vix,combined_ratio_ttm,investment_income_growth_yoy,pgr_pe_vs_market_pe,npw_growth_yoy",0.18395831422865827,v20 Ridge valuation swap: pgr_pe_vs_market_pe replacing roe_net_income_ttm.
ridge_lean_v1__v20_value,model,ridge,VDE,12,"mom_12m,vol_63d,yield_slope,yield_curvature,real_rate_10y,credit_spread_hy,nfci,vix,combined_ratio_ttm,investment_income_growth_yoy,pgr_pe_vs_market_pe,npw_growth_yoy",0.22129445923039184,v20 Ridge valuation swap: pgr_pe_vs_market_pe replacing roe_net_income_ttm.
gbt_lean_plus_two__v18,model,gbt,VOO,13,"mom_3m,mom_6m,mom_12m,vol_63d,yield_slope,yield_curvature,vwo_vxus_spread_6m,credit_spread_hy,nfci,vix,rate_adequacy_gap_yoy,pif_growth_yoy,investment_book_yield",0.20831426882888399,v18 GBT swap: vwo_vxus_spread_6m replacing real_rate_10y on the v16 GBT stack.
gbt_lean_plus_two__v18,model,gbt,VXUS,13,"mom_3m,mom_6m,mom_12m,vol_63d,yield_slope,yield_curvature,vwo_vxus_spread_6m,credit_spread_hy,nfci,vix,rate_adequacy_gap_yoy,pif_growth_yoy,investment_book_yield",0.13794772672242459,v18 GBT swap: vwo_vxus_spread_6m replacing real_rate_10y on the v16 GBT stack.
gbt_lean_plus_two__v18,model,gbt,VMBS,13,"mom_3m,mom_6m,mom_12m,vol_63d,yield_slope,yield_curvature,vwo_vxus_spread_6m,credit_spread_hy,nfci,vix,rate_adequacy_gap_yoy,pif_growth_yoy,investment_book_yield",0.12418238229589837,v18 GBT swap: vwo_vxus_spread_6m replacing real_rate_10y on the v16 GBT stack.
gbt_lean_plus_two__v18,model,gbt,VWO,13,"mom_3m,mom_6m,mom_12m,vol_63d,yield_slope,yield_curvature,vwo_vxus_spread_6m,credit_spread_hy,nfci,vix,rate_adequacy_gap_yoy,pif_growth_yoy,investment_book_yield",0.13771825754099842,v18 GBT swap: vwo_vxus_spread_6m replacing real_rate_10y on the v16 GBT stack.
gbt_lean_plus_two__v18,model,gbt,BND,13,"mom_3m,mom_6m,mom_12m,vol_63d,yield_slope,yield_curvature,vwo_vxus_spread_6m,credit_spread_hy,nfci,vix,rate_adequacy_gap_yoy,pif_growth_yoy,investment_book_yield",0.12502154194941503,v18 GBT swap: vwo_vxus_spread_6m replacing real_rate_10y on the v16 GBT stack.
gbt_lean_plus_two__v18,model,gbt,GLD,13,"mom_3m,mom_6m,mom_12m,vol_63d,yield_slope,yield_curvature,vwo_vxus_spread_6m,credit_spread_hy,nfci,vix,rate_adequacy_gap_yoy,pif_growth_yoy,investment_book_yield",0.1809741937127643,v18 GBT swap: vwo_vxus_spread_6m replacing real_rate_10y on the v16 GBT stack.
gbt_lean_plus_two__v18,model,gbt,DBC,13,"mom_3m,mom_6m,mom_12m,vol_63d,yield_slope,yield_curvature,vwo_vxus_spread_6m,credit_spread_hy,nfci,vix,rate_adequacy_gap_yoy,pif_growth_yoy,investment_book_yield",0.15877099041861667,v18 GBT swap: vwo_vxus_spread_6m replacing real_rate_10y on the v16 GBT stack.
gbt_lean_plus_two__v18,model,gbt,VDE,13,"mom_3m,mom_6m,mom_12m,vol_63d,yield_slope,yield_curvature,vwo_vxus_spread_6m,credit_spread_hy,nfci,vix,rate_adequacy_gap_yoy,pif_growth_yoy,investment_book_yield",0.19657332052687,v18 GBT swap: vwo_vxus_spread_6m replacing real_rate_10y on the v16 GBT stack.
gbt_lean_plus_two__v20_usd,model,gbt,VOO,13,"mom_3m,mom_6m,mom_12m,vol_63d,yield_slope,yield_curvature,real_rate_10y,credit_spread_hy,usd_broad_return_3m,vix,vmt_yoy,pif_growth_yoy,investment_book_yield",0.19913273047644783,v20 GBT macro swap: usd_broad_return_3m replacing nfci.
gbt_lean_plus_two__v20_usd,model,gbt,VXUS,13,"mom_3m,mom_6m,mom_12m,vol_63d,yield_slope,yield_curvature,real_rate_10y,credit_spread_hy,usd_broad_return_3m,vix,vmt_yoy,pif_growth_yoy,investment_book_yield",0.14265439921615675,v20 GBT macro swap: usd_broad_return_3m replacing nfci.
gbt_lean_plus_two__v20_usd,model,gbt,VMBS,13,"mom_3m,mom_6m,mom_12m,vol_63d,yield_slope,yield_curvature,real_rate_10y,credit_spread_hy,usd_broad_return_3m,vix,vmt_yoy,pif_growth_yoy,investment_book_yield",0.12417404017158833,v20 GBT macro swap: usd_broad_return_3m replacing nfci.
gbt_lean_plus_two__v20_usd,model,gbt,VWO,13,"mom_3m,mom_6m,mom_12m,vol_63d,yield_slope,yield_curvature,real_rate_10y,credit_spread_hy,usd_broad_return_3m,vix,vmt_yoy,pif_growth_yoy,investment_book_yield",0.15392217293961408,v20 GBT macro swap: usd_broad_return_3m replacing nfci.
gbt_lean_plus_two__v20_usd,model,gbt,BND,13,"mom_3m,mom_6m,mom_12m,vol_63d,yield_slope,yield_curvature,real_rate_10y,credit_spread_hy,usd_broad_return_3m,vix,vmt_yoy,pif_growth_yoy,investment_book_yield",0.12699905878433057,v20 GBT macro swap: usd_broad_return_3m replacing nfci.
gbt_lean_plus_two__v20_usd,model,gbt,GLD,13,"mom_3m,mom_6m,mom_12m,vol_63d,yield_slope,yield_curvature,real_rate_10y,credit_spread_hy,usd_broad_return_3m,vix,vmt_yoy,pif_growth_yoy,investment_book_yield",0.1846999137040777,v20 GBT macro swap: usd_broad_return_3m replacing nfci.
gbt_lean_plus_two__v20_usd,model,gbt,DBC,13,"mom_3m,mom_6m,mom_12m,vol_63d,yield_slope,yield_curvature,real_rate_10y,credit_spread_hy,usd_broad_return_3m,vix,vmt_yoy,pif_growth_yoy,investment_book_yield",0.1795639732032433,v20 GBT macro swap: usd_broad_return_3m replacing nfci.
gbt_lean_plus_two__v20_usd,model,gbt,VDE,13,"mom_3m,mom_6m,mom_12m,vol_63d,yield_slope,yield_curvature,real_rate_10y,credit_spread_hy,usd_broad_return_3m,vix,vmt_yoy,pif_growth_yoy,investment_book_yield",0.20856256362079886,v20 GBT macro swap: usd_broad_return_3m replacing nfci.
gbt_lean_plus_two__v20_pricing,model,gbt,VOO,13,"mom_3m,mom_6m,mom_12m,vol_63d,yield_slope,yield_curvature,real_rate_10y,credit_spread_hy,nfci,vix,auto_pricing_power_spread,pif_growth_yoy,investment_book_yield",0.217675373419541,v20 GBT pricing swap: auto_pricing_power_spread replacing vmt_yoy.
gbt_lean_plus_two__v20_pricing,model,gbt,VXUS,13,"mom_3m,mom_6m,mom_12m,vol_63d,yield_slope,yield_curvature,real_rate_10y,credit_spread_hy,nfci,vix,auto_pricing_power_spread,pif_growth_yoy,investment_book_yield",0.1407185978784978,v20 GBT pricing swap: auto_pricing_power_spread replacing vmt_yoy.
gbt_lean_plus_two__v20_pricing,model,gbt,VMBS,13,"mom_3m,mom_6m,mom_12m,vol_63d,yield_slope,yield_curvature,real_rate_10y,credit_spread_hy,nfci,vix,auto_pricing_power_spread,pif_growth_yoy,investment_book_yield",0.12383203809203086,v20 GBT pricing swap: auto_pricing_power_spread replacing vmt_yoy.
gbt_lean_plus_two__v20_pricing,model,gbt,VWO,13,"mom_3m,mom_6m,mom_12m,vol_63d,yield_slope,yield_curvature,real_rate_10y,credit_spread_hy,nfci,vix,auto_pricing_power_spread,pif_growth_yoy,investment_book_yield",0.1432661103810764,v20 GBT pricing swap: auto_pricing_power_spread replacing vmt_yoy.
gbt_lean_plus_two__v20_pricing,model,gbt,BND,13,"mom_3m,mom_6m,mom_12m,vol_63d,yield_slope,yield_curvature,real_rate_10y,credit_spread_hy,nfci,vix,auto_pricing_power_spread,pif_growth_yoy,investment_book_yield",0.1263765659311487,v20 GBT pricing swap: auto_pricing_power_spread replacing vmt_yoy.
gbt_lean_plus_two__v20_pricing,model,gbt,GLD,13,"mom_3m,mom_6m,mom_12m,vol_63d,yield_slope,yield_curvature,real_rate_10y,credit_spread_hy,nfci,vix,auto_pricing_power_spread,pif_growth_yoy,investment_book_yield",0.189938382946304,v20 GBT pricing swap: auto_pricing_power_spread replacing vmt_yoy.
gbt_lean_plus_two__v20_pricing,model,gbt,DBC,13,"mom_3m,mom_6m,mom_12m,vol_63d,yield_slope,yield_curvature,real_rate_10y,credit_spread_hy,nfci,vix,auto_pricing_power_spread,pif_growth_yoy,investment_book_yield",0.18926592078587415,v20 GBT pricing swap: auto_pricing_power_spread replacing vmt_yoy.
gbt_lean_plus_two__v20_pricing,model,gbt,VDE,13,"mom_3m,mom_6m,mom_12m,vol_63d,yield_slope,yield_curvature,real_rate_10y,credit_spread_hy,nfci,vix,auto_pricing_power_spread,pif_growth_yoy,investment_book_yield",0.21825547333780596,v20 GBT pricing swap: auto_pricing_power_spread replacing vmt_yoy.
