feature,fold_count,selected_count,mean_abs_coefficient,selection_rate,horizon_months,model_name,feature_block
dividend_season_flag,31,31,0.0005231780401765646,1.0,1,ridge_bridge,bvps_lags
current_bvps,31,31,0.000404081375630002,1.0,1,ridge_bridge,bvps_lags
month_of_year,31,31,0.0003621263919917217,1.0,1,ridge_bridge,bvps_lags
bvps_yoy_dollar_change,31,31,0.0002979382190597242,1.0,1,ridge_bridge,bvps_lags
bvps_growth_6m,31,31,0.0002484146493745773,1.0,1,ridge_bridge,bvps_lags
bvps_growth_ytd,31,31,0.00021447947745588378,1.0,1,ridge_bridge,bvps_lags
bvps_growth_3m,31,31,0.00019825172832625682,1.0,1,ridge_bridge,bvps_lags
bvps_growth_1m,31,31,0.0001932637736065222,1.0,1,ridge_bridge,bvps_lags
q4_flag,31,31,0.0001292475994172984,1.0,1,ridge_bridge,bvps_lags
month_of_year,31,31,0.010338950026290912,1.0,1,elastic_net_bridge,bvps_lags
dividend_season_flag,31,29,0.008622901668108833,0.9354838709677419,1,elastic_net_bridge,bvps_lags
current_bvps,31,28,0.0077533889753080235,0.9032258064516129,1,elastic_net_bridge,bvps_lags
bvps_growth_3m,31,22,0.0017369539673514557,0.7096774193548387,1,elastic_net_bridge,bvps_lags
bvps_yoy_dollar_change,31,20,0.004061891543690376,0.6451612903225806,1,elastic_net_bridge,bvps_lags
bvps_growth_1m,31,19,0.0025751289525963394,0.6129032258064516,1,elastic_net_bridge,bvps_lags
bvps_growth_6m,31,18,0.004661486507530449,0.5806451612903226,1,elastic_net_bridge,bvps_lags
q4_flag,31,17,0.002331870908169013,0.5483870967741935,1,elastic_net_bridge,bvps_lags
bvps_growth_ytd,31,14,0.0033957240726616173,0.45161290322580644,1,elastic_net_bridge,bvps_lags
pgr_premium_to_surplus,31,31,0.0004113482925443039,1.0,1,ridge_bridge,accounting_core
monthly_combined_ratio_delta,31,31,0.00039125268027932547,1.0,1,ridge_bridge,accounting_core
realized_gain_to_net_income_ratio,31,31,0.0002687186628894524,1.0,1,ridge_bridge,accounting_core
buyback_yield,31,31,0.00025900275654754947,1.0,1,ridge_bridge,accounting_core
pif_growth_yoy,31,31,0.000220380645279039,1.0,1,ridge_bridge,accounting_core
underwriting_margin_ttm,31,31,0.00017457224260407976,1.0,1,ridge_bridge,accounting_core
combined_ratio_ttm,31,31,0.0001679290261518183,1.0,1,ridge_bridge,accounting_core
unrealized_gain_pct_equity,31,31,0.00016763480715144995,1.0,1,ridge_bridge,accounting_core
underwriting_income_growth_yoy,31,31,0.00016733721495080898,1.0,1,ridge_bridge,accounting_core
npw_growth_yoy,31,31,0.0001067810864555265,1.0,1,ridge_bridge,accounting_core
investment_book_yield,31,21,0.00018526204779398226,0.6774193548387096,1,ridge_bridge,accounting_core
pgr_premium_to_surplus,31,29,0.009208024944781172,0.9354838709677419,1,elastic_net_bridge,accounting_core
monthly_combined_ratio_delta,31,28,0.005412845293862034,0.9032258064516129,1,elastic_net_bridge,accounting_core
realized_gain_to_net_income_ratio,31,22,0.0031990725565891887,0.7096774193548387,1,elastic_net_bridge,accounting_core
pif_growth_yoy,31,22,0.0028391072288041683,0.7096774193548387,1,elastic_net_bridge,accounting_core
underwriting_income_growth_yoy,31,19,0.0018415628594670912,0.6129032258064516,1,elastic_net_bridge,accounting_core
unrealized_gain_pct_equity,31,16,0.0013795206847604666,0.5161290322580645,1,elastic_net_bridge,accounting_core
buyback_yield,31,15,0.0034782493907396456,0.4838709677419355,1,elastic_net_bridge,accounting_core
investment_book_yield,31,15,0.0022176397527563295,0.4838709677419355,1,elastic_net_bridge,accounting_core
npw_growth_yoy,31,14,0.0014804425492982096,0.45161290322580644,1,elastic_net_bridge,accounting_core
combined_ratio_ttm,31,11,0.0014149017060107276,0.3548387096774194,1,elastic_net_bridge,accounting_core
underwriting_margin_ttm,31,10,0.00315215427839133,0.3225806451612903,1,elastic_net_bridge,accounting_core
premium_to_surplus_x_cr_delta,31,31,0.0003740116271329089,1.0,1,ridge_bridge,logical_interactions
unrealized_gain_x_real_rate,31,31,0.00024242153244859304,1.0,1,ridge_bridge,logical_interactions
buyback_yield_x_pb_ratio,31,31,0.00015877091459524342,1.0,1,ridge_bridge,logical_interactions
premium_growth_x_underwriting_margin,31,31,0.00013700445637573828,1.0,1,ridge_bridge,logical_interactions
buyback_yield_x_bvps_growth_3m,31,31,0.00011571577719977288,1.0,1,ridge_bridge,logical_interactions
investment_yield_x_bvps,31,21,0.00038957004557299606,0.6774193548387096,1,ridge_bridge,logical_interactions
premium_to_surplus_x_cr_delta,31,31,0.005649767151904458,1.0,1,elastic_net_bridge,logical_interactions
unrealized_gain_x_real_rate,31,23,0.004634466313165107,0.7419354838709677,1,elastic_net_bridge,logical_interactions
investment_yield_x_bvps,31,20,0.006180080136044129,0.6451612903225806,1,elastic_net_bridge,logical_interactions
buyback_yield_x_pb_ratio,31,19,0.0014180530274439378,0.6129032258064516,1,elastic_net_bridge,logical_interactions
premium_growth_x_underwriting_margin,31,17,0.0009237829754816312,0.5483870967741935,1,elastic_net_bridge,logical_interactions
buyback_yield_x_bvps_growth_3m,31,12,0.0007036868856467966,0.3870967741935484,1,elastic_net_bridge,logical_interactions
dividend_season_flag,31,31,0.0005115778668948838,1.0,1,ridge_bridge,bridge_combined
pgr_premium_to_surplus,31,31,0.000391669254354373,1.0,1,ridge_bridge,bridge_combined
current_bvps,31,31,0.0003714130274263759,1.0,1,ridge_bridge,bridge_combined
month_of_year,31,31,0.00036835417754319357,1.0,1,ridge_bridge,bridge_combined
monthly_combined_ratio_delta,31,31,0.00036206094432008983,1.0,1,ridge_bridge,bridge_combined
premium_to_surplus_x_cr_delta,31,31,0.0003309238588495654,1.0,1,ridge_bridge,bridge_combined
bvps_yoy_dollar_change,31,31,0.00029089664054769227,1.0,1,ridge_bridge,bridge_combined
realized_gain_to_net_income_ratio,31,31,0.00025954476445171087,1.0,1,ridge_bridge,bridge_combined
bvps_growth_6m,31,31,0.0002413096690257796,1.0,1,ridge_bridge,bridge_combined
buyback_yield,31,31,0.00023621027774903134,1.0,1,ridge_bridge,bridge_combined
unrealized_gain_x_real_rate,31,31,0.00022863136858176065,1.0,1,ridge_bridge,bridge_combined
bvps_growth_ytd,31,31,0.00020247930259399314,1.0,1,ridge_bridge,bridge_combined
pif_growth_yoy,31,31,0.0001986263035685276,1.0,1,ridge_bridge,bridge_combined
bvps_growth_1m,31,31,0.00018332107697437538,1.0,1,ridge_bridge,bridge_combined
bvps_growth_3m,31,31,0.00017929277770303704,1.0,1,ridge_bridge,bridge_combined
underwriting_income_growth_yoy,31,31,0.00016131231189268195,1.0,1,ridge_bridge,bridge_combined
unrealized_gain_pct_equity,31,31,0.00015923833010160932,1.0,1,ridge_bridge,bridge_combined
underwriting_margin_ttm,31,31,0.0001585695687243344,1.0,1,ridge_bridge,bridge_combined
combined_ratio_ttm,31,31,0.00015286385421266638,1.0,1,ridge_bridge,bridge_combined
buyback_yield_x_pb_ratio,31,31,0.0001360911907393144,1.0,1,ridge_bridge,bridge_combined
q4_flag,31,31,0.00012703608286232057,1.0,1,ridge_bridge,bridge_combined
premium_growth_x_underwriting_margin,31,31,0.0001185258433192219,1.0,1,ridge_bridge,bridge_combined
buyback_yield_x_bvps_growth_3m,31,31,9.857216846494134e-05,1.0,1,ridge_bridge,bridge_combined
npw_growth_yoy,31,31,9.306984414736461e-05,1.0,1,ridge_bridge,bridge_combined
investment_yield_x_bvps,31,21,0.0003560659378058684,0.6774193548387096,1,ridge_bridge,bridge_combined
investment_book_yield,31,21,0.00017993227013054757,0.6774193548387096,1,ridge_bridge,bridge_combined
month_of_year,31,30,0.011920965867605183,0.967741935483871,1,elastic_net_bridge,bridge_combined
dividend_season_flag,31,29,0.007259732058279649,0.9354838709677419,1,elastic_net_bridge,bridge_combined
bvps_growth_6m,31,22,0.003451915388808124,0.7096774193548387,1,elastic_net_bridge,bridge_combined
underwriting_income_growth_yoy,31,21,0.0023931641636723883,0.6774193548387096,1,elastic_net_bridge,bridge_combined
realized_gain_to_net_income_ratio,31,19,0.0023353536465763264,0.6129032258064516,1,elastic_net_bridge,bridge_combined
current_bvps,31,18,0.0075581585224520345,0.5806451612903226,1,elastic_net_bridge,bridge_combined
pgr_premium_to_surplus,31,18,0.004385064377935151,0.5806451612903226,1,elastic_net_bridge,bridge_combined
premium_to_surplus_x_cr_delta,31,18,0.0035956820890893676,0.5806451612903226,1,elastic_net_bridge,bridge_combined
bvps_growth_1m,31,18,0.0029863668585863043,0.5806451612903226,1,elastic_net_bridge,bridge_combined
bvps_growth_ytd,31,17,0.0025256574852796474,0.5483870967741935,1,elastic_net_bridge,bridge_combined
bvps_growth_3m,31,17,0.0010909808545934748,0.5483870967741935,1,elastic_net_bridge,bridge_combined
unrealized_gain_x_real_rate,31,15,0.005569919054837432,0.4838709677419355,1,elastic_net_bridge,bridge_combined
pif_growth_yoy,31,15,0.0039612077616670936,0.4838709677419355,1,elastic_net_bridge,bridge_combined
monthly_combined_ratio_delta,31,14,0.0031504610915275007,0.45161290322580644,1,elastic_net_bridge,bridge_combined
q4_flag,31,14,0.0027710197851698415,0.45161290322580644,1,elastic_net_bridge,bridge_combined
bvps_yoy_dollar_change,31,12,0.005157856827967463,0.3870967741935484,1,elastic_net_bridge,bridge_combined
investment_book_yield,31,11,0.002650517494976426,0.3548387096774194,1,elastic_net_bridge,bridge_combined
unrealized_gain_pct_equity,31,11,0.0022378264651574725,0.3548387096774194,1,elastic_net_bridge,bridge_combined
buyback_yield_x_bvps_growth_3m,31,11,0.0011278817031551778,0.3548387096774194,1,elastic_net_bridge,bridge_combined
combined_ratio_ttm,31,10,0.001386055216107003,0.3225806451612903,1,elastic_net_bridge,bridge_combined
investment_yield_x_bvps,31,9,0.00586596954763695,0.2903225806451613,1,elastic_net_bridge,bridge_combined
buyback_yield_x_pb_ratio,31,9,0.00383294428030896,0.2903225806451613,1,elastic_net_bridge,bridge_combined
buyback_yield,31,8,0.004662670242886485,0.25806451612903225,1,elastic_net_bridge,bridge_combined
npw_growth_yoy,31,8,0.00036188134711907235,0.25806451612903225,1,elastic_net_bridge,bridge_combined
premium_growth_x_underwriting_margin,31,6,0.0007209841826271445,0.1935483870967742,1,elastic_net_bridge,bridge_combined
underwriting_margin_ttm,31,3,0.00017247051364965794,0.0967741935483871,1,elastic_net_bridge,bridge_combined
current_bvps,30,30,0.001243913879602589,1.0,3,ridge_bridge,bvps_lags
dividend_season_flag,30,30,0.0012265073788037448,1.0,3,ridge_bridge,bvps_lags
q4_flag,30,30,0.0008632102444240429,1.0,3,ridge_bridge,bvps_lags
bvps_growth_ytd,30,30,0.0007207071677621208,1.0,3,ridge_bridge,bvps_lags
month_of_year,30,30,0.0007075381152512604,1.0,3,ridge_bridge,bvps_lags
bvps_growth_6m,30,30,0.0006766520862567292,1.0,3,ridge_bridge,bvps_lags
bvps_yoy_dollar_change,30,30,0.0005947917964732666,1.0,3,ridge_bridge,bvps_lags
bvps_growth_3m,30,30,0.0005760878718839859,1.0,3,ridge_bridge,bvps_lags
bvps_growth_1m,30,30,0.00033681387227730214,1.0,3,ridge_bridge,bvps_lags
current_bvps,30,29,0.02628353576836813,0.9666666666666667,3,elastic_net_bridge,bvps_lags
dividend_season_flag,30,28,0.018051250544727598,0.9333333333333333,3,elastic_net_bridge,bvps_lags
bvps_growth_3m,30,28,0.005609746905361315,0.9333333333333333,3,elastic_net_bridge,bvps_lags
bvps_yoy_dollar_change,30,25,0.010798534732940655,0.8333333333333334,3,elastic_net_bridge,bvps_lags
bvps_growth_ytd,30,22,0.00840347888492325,0.7333333333333333,3,elastic_net_bridge,bvps_lags
bvps_growth_6m,30,22,0.007407118705464139,0.7333333333333333,3,elastic_net_bridge,bvps_lags
month_of_year,30,21,0.007892600783969117,0.7,3,elastic_net_bridge,bvps_lags
bvps_growth_1m,30,20,0.003447812727196914,0.6666666666666666,3,elastic_net_bridge,bvps_lags
q4_flag,30,13,0.002715004871937931,0.43333333333333335,3,elastic_net_bridge,bvps_lags
monthly_combined_ratio_delta,30,30,0.0011687015569772385,1.0,3,ridge_bridge,accounting_core
pgr_premium_to_surplus,30,30,0.0008816836764022209,1.0,3,ridge_bridge,accounting_core
buyback_yield,30,30,0.000711879994751035,1.0,3,ridge_bridge,accounting_core
underwriting_income_growth_yoy,30,30,0.0006519766928002676,1.0,3,ridge_bridge,accounting_core
pif_growth_yoy,30,30,0.0006098894373303801,1.0,3,ridge_bridge,accounting_core
realized_gain_to_net_income_ratio,30,30,0.0005219022768977647,1.0,3,ridge_bridge,accounting_core
underwriting_margin_ttm,30,30,0.0004983705612155141,1.0,3,ridge_bridge,accounting_core
combined_ratio_ttm,30,30,0.0004944033756163734,1.0,3,ridge_bridge,accounting_core
unrealized_gain_pct_equity,30,30,0.0004912215857785419,1.0,3,ridge_bridge,accounting_core
npw_growth_yoy,30,30,0.0002598156586409284,1.0,3,ridge_bridge,accounting_core
investment_book_yield,30,21,0.0004879566709912775,0.7,3,ridge_bridge,accounting_core
monthly_combined_ratio_delta,30,30,0.02355640657707759,1.0,3,elastic_net_bridge,accounting_core
pgr_premium_to_surplus,30,28,0.030687092570498828,0.9333333333333333,3,elastic_net_bridge,accounting_core
underwriting_income_growth_yoy,30,26,0.00883171497970708,0.8666666666666667,3,elastic_net_bridge,accounting_core
realized_gain_to_net_income_ratio,30,25,0.009812085942765234,0.8333333333333334,3,elastic_net_bridge,accounting_core
pif_growth_yoy,30,22,0.010153473387411599,0.7333333333333333,3,elastic_net_bridge,accounting_core
buyback_yield,30,22,0.010034531908545046,0.7333333333333333,3,elastic_net_bridge,accounting_core
unrealized_gain_pct_equity,30,22,0.006538093802708432,0.7333333333333333,3,elastic_net_bridge,accounting_core
npw_growth_yoy,30,18,0.0023413504468969074,0.6,3,elastic_net_bridge,accounting_core
combined_ratio_ttm,30,17,0.010112333433373184,0.5666666666666667,3,elastic_net_bridge,accounting_core
investment_book_yield,30,17,0.007539796163583967,0.5666666666666667,3,elastic_net_bridge,accounting_core
underwriting_margin_ttm,30,9,0.011735860665683667,0.3,3,elastic_net_bridge,accounting_core
premium_to_surplus_x_cr_delta,30,30,0.0010789370672032769,1.0,3,ridge_bridge,logical_interactions
unrealized_gain_x_real_rate,30,30,0.0005399462980468758,1.0,3,ridge_bridge,logical_interactions
buyback_yield_x_pb_ratio,30,30,0.0004422079987184637,1.0,3,ridge_bridge,logical_interactions
buyback_yield_x_bvps_growth_3m,30,30,0.0004003836064372707,1.0,3,ridge_bridge,logical_interactions
premium_growth_x_underwriting_margin,30,30,0.00030299191943758207,1.0,3,ridge_bridge,logical_interactions
investment_yield_x_bvps,30,21,0.001168688974611302,0.7,3,ridge_bridge,logical_interactions
premium_to_surplus_x_cr_delta,30,30,0.019120418714044754,1.0,3,elastic_net_bridge,logical_interactions
unrealized_gain_x_real_rate,30,28,0.01063354052668061,0.9333333333333333,3,elastic_net_bridge,logical_interactions
buyback_yield_x_bvps_growth_3m,30,28,0.005651304659368417,0.9333333333333333,3,elastic_net_bridge,logical_interactions
premium_growth_x_underwriting_margin,30,27,0.0047426100909621904,0.9,3,elastic_net_bridge,logical_interactions
buyback_yield_x_pb_ratio,30,24,0.004450754082186954,0.8,3,elastic_net_bridge,logical_interactions
investment_yield_x_bvps,30,18,0.018434402118357292,0.6,3,elastic_net_bridge,logical_interactions
dividend_season_flag,30,30,0.0011983061598154093,1.0,3,ridge_bridge,bridge_combined
current_bvps,30,30,0.0011462285425716408,1.0,3,ridge_bridge,bridge_combined
monthly_combined_ratio_delta,30,30,0.0010446670623991585,1.0,3,ridge_bridge,bridge_combined
premium_to_surplus_x_cr_delta,30,30,0.0009349336341406395,1.0,3,ridge_bridge,bridge_combined
q4_flag,30,30,0.000826141919839064,1.0,3,ridge_bridge,bridge_combined
pgr_premium_to_surplus,30,30,0.0008081163884399631,1.0,3,ridge_bridge,bridge_combined
bvps_growth_ytd,30,30,0.0007051217694560892,1.0,3,ridge_bridge,bridge_combined
month_of_year,30,30,0.0006636430920502861,1.0,3,ridge_bridge,bridge_combined
bvps_growth_6m,30,30,0.000652759640180673,1.0,3,ridge_bridge,bridge_combined
buyback_yield,30,30,0.0006516443879116725,1.0,3,ridge_bridge,bridge_combined
underwriting_income_growth_yoy,30,30,0.0006192280550522102,1.0,3,ridge_bridge,bridge_combined
pif_growth_yoy,30,30,0.0005575566595791593,1.0,3,ridge_bridge,bridge_combined
bvps_yoy_dollar_change,30,30,0.0005565200336223272,1.0,3,ridge_bridge,bridge_combined
bvps_growth_3m,30,30,0.0005341327170247928,1.0,3,ridge_bridge,bridge_combined
unrealized_gain_x_real_rate,30,30,0.0005111140418963902,1.0,3,ridge_bridge,bridge_combined
realized_gain_to_net_income_ratio,30,30,0.0004903167555931194,1.0,3,ridge_bridge,bridge_combined
underwriting_margin_ttm,30,30,0.00044531576596279314,1.0,3,ridge_bridge,bridge_combined
unrealized_gain_pct_equity,30,30,0.00044471266884832974,1.0,3,ridge_bridge,bridge_combined
combined_ratio_ttm,30,30,0.0004405635920753098,1.0,3,ridge_bridge,bridge_combined
buyback_yield_x_pb_ratio,30,30,0.00038385617919673126,1.0,3,ridge_bridge,bridge_combined
buyback_yield_x_bvps_growth_3m,30,30,0.0003331082463550485,1.0,3,ridge_bridge,bridge_combined
bvps_growth_1m,30,30,0.0003075900160094685,1.0,3,ridge_bridge,bridge_combined
premium_growth_x_underwriting_margin,30,30,0.00024537144200599374,1.0,3,ridge_bridge,bridge_combined
npw_growth_yoy,30,30,0.00022897479104616434,1.0,3,ridge_bridge,bridge_combined
investment_yield_x_bvps,30,21,0.001072639115950946,0.7,3,ridge_bridge,bridge_combined
investment_book_yield,30,21,0.0004678158615240047,0.7,3,ridge_bridge,bridge_combined
dividend_season_flag,30,29,0.017014255839963705,0.9666666666666667,3,elastic_net_bridge,bridge_combined
pgr_premium_to_surplus,30,27,0.013342791306845792,0.9,3,elastic_net_bridge,bridge_combined
realized_gain_to_net_income_ratio,30,25,0.010671040188636032,0.8333333333333334,3,elastic_net_bridge,bridge_combined
bvps_growth_3m,30,25,0.004803423808017683,0.8333333333333334,3,elastic_net_bridge,bridge_combined
underwriting_income_growth_yoy,30,23,0.005169738282383743,0.7666666666666667,3,elastic_net_bridge,bridge_combined
bvps_growth_1m,30,22,0.004372509739431826,0.7333333333333333,3,elastic_net_bridge,bridge_combined
monthly_combined_ratio_delta,30,21,0.009813144487277981,0.7,3,elastic_net_bridge,bridge_combined
current_bvps,30,20,0.021653228116536506,0.6666666666666666,3,elastic_net_bridge,bridge_combined
month_of_year,30,20,0.0069057249336681855,0.6666666666666666,3,elastic_net_bridge,bridge_combined
bvps_growth_6m,30,20,0.005937586804683608,0.6666666666666666,3,elastic_net_bridge,bridge_combined
bvps_growth_ytd,30,19,0.005340005290369057,0.6333333333333333,3,elastic_net_bridge,bridge_combined
pif_growth_yoy,30,18,0.006239904878374524,0.6,3,elastic_net_bridge,bridge_combined
unrealized_gain_pct_equity,30,17,0.004565567598254072,0.5666666666666667,3,elastic_net_bridge,bridge_combined
buyback_yield_x_bvps_growth_3m,30,17,0.0038323193610967665,0.5666666666666667,3,elastic_net_bridge,bridge_combined
combined_ratio_ttm,30,15,0.005982985412726409,0.5,3,elastic_net_bridge,bridge_combined
investment_yield_x_bvps,30,14,0.013815468985124011,0.4666666666666667,3,elastic_net_bridge,bridge_combined
buyback_yield,30,13,0.00699706172402623,0.43333333333333335,3,elastic_net_bridge,bridge_combined
bvps_yoy_dollar_change,30,13,0.005603349998668858,0.43333333333333335,3,elastic_net_bridge,bridge_combined
premium_growth_x_underwriting_margin,30,13,0.0018569637449387868,0.43333333333333335,3,elastic_net_bridge,bridge_combined
buyback_yield_x_pb_ratio,30,12,0.004078961592579765,0.4,3,elastic_net_bridge,bridge_combined
premium_to_surplus_x_cr_delta,30,11,0.0025019549664347246,0.36666666666666664,3,elastic_net_bridge,bridge_combined
q4_flag,30,11,0.002402165629334255,0.36666666666666664,3,elastic_net_bridge,bridge_combined
unrealized_gain_x_real_rate,30,10,0.010102246051669069,0.3333333333333333,3,elastic_net_bridge,bridge_combined
npw_growth_yoy,30,9,0.0010222696759383469,0.3,3,elastic_net_bridge,bridge_combined
underwriting_margin_ttm,30,8,0.008935335959493758,0.26666666666666666,3,elastic_net_bridge,bridge_combined
investment_book_yield,30,8,0.004392940126995143,0.26666666666666666,3,elastic_net_bridge,bridge_combined
current_bvps,29,29,0.0023555176455957024,1.0,6,ridge_bridge,bvps_lags
month_of_year,29,29,0.0014624093740217296,1.0,6,ridge_bridge,bvps_lags
bvps_growth_ytd,29,29,0.0012639738438721356,1.0,6,ridge_bridge,bvps_lags
bvps_growth_6m,29,29,0.001220880858654502,1.0,6,ridge_bridge,bvps_lags
bvps_growth_3m,29,29,0.0009544782880725321,1.0,6,ridge_bridge,bvps_lags
q4_flag,29,29,0.0009453124127746491,1.0,6,ridge_bridge,bvps_lags
bvps_yoy_dollar_change,29,29,0.0009396008839108923,1.0,6,ridge_bridge,bvps_lags
dividend_season_flag,29,29,0.0007905583339106862,1.0,6,ridge_bridge,bvps_lags
bvps_growth_1m,29,29,0.0005846208619170322,1.0,6,ridge_bridge,bvps_lags
bvps_growth_6m,29,29,0.029427600201325437,1.0,6,elastic_net_bridge,bvps_lags
current_bvps,29,27,0.05048056831500143,0.9310344827586207,6,elastic_net_bridge,bvps_lags
bvps_growth_ytd,29,27,0.030781663926960016,0.9310344827586207,6,elastic_net_bridge,bvps_lags
month_of_year,29,26,0.014766534070708007,0.896551724137931,6,elastic_net_bridge,bvps_lags
dividend_season_flag,29,26,0.005733009343234738,0.896551724137931,6,elastic_net_bridge,bvps_lags
bvps_growth_3m,29,21,0.006529350637068229,0.7241379310344828,6,elastic_net_bridge,bvps_lags
bvps_yoy_dollar_change,29,20,0.01786808642466877,0.6896551724137931,6,elastic_net_bridge,bvps_lags
bvps_growth_1m,29,18,0.0032052105659181934,0.6206896551724138,6,elastic_net_bridge,bvps_lags
q4_flag,29,17,0.0078866225106973,0.5862068965517241,6,elastic_net_bridge,bvps_lags
pgr_premium_to_surplus,29,29,0.0015498638321353995,1.0,6,ridge_bridge,accounting_core
monthly_combined_ratio_delta,29,29,0.0014500553799542632,1.0,6,ridge_bridge,accounting_core
pif_growth_yoy,29,29,0.0013442061822136271,1.0,6,ridge_bridge,accounting_core
buyback_yield,29,29,0.001019235944006249,1.0,6,ridge_bridge,accounting_core
combined_ratio_ttm,29,29,0.0010158845761620492,1.0,6,ridge_bridge,accounting_core
underwriting_margin_ttm,29,29,0.0009936933980451246,1.0,6,ridge_bridge,accounting_core
underwriting_income_growth_yoy,29,29,0.000946864965103076,1.0,6,ridge_bridge,accounting_core
unrealized_gain_pct_equity,29,29,0.0009445264350767972,1.0,6,ridge_bridge,accounting_core
realized_gain_to_net_income_ratio,29,29,0.0008910654308287895,1.0,6,ridge_bridge,accounting_core
npw_growth_yoy,29,29,0.0007156000847979441,1.0,6,ridge_bridge,accounting_core
investment_book_yield,29,20,0.000890625913344683,0.6896551724137931,6,ridge_bridge,accounting_core
monthly_combined_ratio_delta,29,29,0.022376654741296527,1.0,6,elastic_net_bridge,accounting_core
underwriting_income_growth_yoy,29,28,0.009157747014197639,0.9655172413793104,6,elastic_net_bridge,accounting_core
realized_gain_to_net_income_ratio,29,27,0.01671009814764736,0.9310344827586207,6,elastic_net_bridge,accounting_core
buyback_yield,29,27,0.013001572938204479,0.9310344827586207,6,elastic_net_bridge,accounting_core
pgr_premium_to_surplus,29,26,0.0543938881029015,0.896551724137931,6,elastic_net_bridge,accounting_core
unrealized_gain_pct_equity,29,25,0.015830987692678267,0.8620689655172413,6,elastic_net_bridge,accounting_core
pif_growth_yoy,29,23,0.02020630726490728,0.7931034482758621,6,elastic_net_bridge,accounting_core
npw_growth_yoy,29,22,0.007422696927813813,0.7586206896551724,6,elastic_net_bridge,accounting_core
investment_book_yield,29,20,0.013818138997044281,0.6896551724137931,6,elastic_net_bridge,accounting_core
combined_ratio_ttm,29,16,0.019850279899492503,0.5517241379310345,6,elastic_net_bridge,accounting_core
underwriting_margin_ttm,29,12,0.011850393534291848,0.41379310344827586,6,elastic_net_bridge,accounting_core
premium_to_surplus_x_cr_delta,29,29,0.0015776857969571707,1.0,6,ridge_bridge,logical_interactions
unrealized_gain_x_real_rate,29,29,0.0009237551932934786,1.0,6,ridge_bridge,logical_interactions
buyback_yield_x_bvps_growth_3m,29,29,0.0008503623417790024,1.0,6,ridge_bridge,logical_interactions
buyback_yield_x_pb_ratio,29,29,0.0007953598874582882,1.0,6,ridge_bridge,logical_interactions
premium_growth_x_underwriting_margin,29,29,0.0007401421401268773,1.0,6,ridge_bridge,logical_interactions
investment_yield_x_bvps,29,20,0.002059290884766246,0.6896551724137931,6,ridge_bridge,logical_interactions
premium_to_surplus_x_cr_delta,29,29,0.02884149927457542,1.0,6,elastic_net_bridge,logical_interactions
buyback_yield_x_bvps_growth_3m,29,29,0.01503406743159589,1.0,6,elastic_net_bridge,logical_interactions
unrealized_gain_x_real_rate,29,28,0.018419051508173558,0.9655172413793104,6,elastic_net_bridge,logical_interactions
premium_growth_x_underwriting_margin,29,26,0.00781798014699483,0.896551724137931,6,elastic_net_bridge,logical_interactions
buyback_yield_x_pb_ratio,29,26,0.00745957950915696,0.896551724137931,6,elastic_net_bridge,logical_interactions
investment_yield_x_bvps,29,16,0.03254784884836095,0.5517241379310345,6,elastic_net_bridge,logical_interactions
current_bvps,29,29,0.0021435562490824483,1.0,6,ridge_bridge,bridge_combined
pgr_premium_to_surplus,29,29,0.001425514029340116,1.0,6,ridge_bridge,bridge_combined
month_of_year,29,29,0.00139184351725076,1.0,6,ridge_bridge,bridge_combined
premium_to_surplus_x_cr_delta,29,29,0.0013874959816939753,1.0,6,ridge_bridge,bridge_combined
monthly_combined_ratio_delta,29,29,0.0012912188991835178,1.0,6,ridge_bridge,bridge_combined
pif_growth_yoy,29,29,0.0012518104126513895,1.0,6,ridge_bridge,bridge_combined
bvps_growth_ytd,29,29,0.0012458643060239364,1.0,6,ridge_bridge,bridge_combined
bvps_growth_6m,29,29,0.0012196224493622523,1.0,6,ridge_bridge,bridge_combined
combined_ratio_ttm,29,29,0.0009326218806031211,1.0,6,ridge_bridge,bridge_combined
bvps_growth_3m,29,29,0.0009248794727062105,1.0,6,ridge_bridge,bridge_combined
buyback_yield,29,29,0.0009159812837094146,1.0,6,ridge_bridge,bridge_combined
underwriting_margin_ttm,29,29,0.0009061855272359244,1.0,6,ridge_bridge,bridge_combined
q4_flag,29,29,0.0009057508509889577,1.0,6,ridge_bridge,bridge_combined
underwriting_income_growth_yoy,29,29,0.0008971644985534767,1.0,6,ridge_bridge,bridge_combined
bvps_yoy_dollar_change,29,29,0.0008638856477759053,1.0,6,ridge_bridge,bridge_combined
unrealized_gain_pct_equity,29,29,0.0008634017318698139,1.0,6,ridge_bridge,bridge_combined
realized_gain_to_net_income_ratio,29,29,0.0008509299169401008,1.0,6,ridge_bridge,bridge_combined
unrealized_gain_x_real_rate,29,29,0.0008474882714676955,1.0,6,ridge_bridge,bridge_combined
dividend_season_flag,29,29,0.0007751753891761177,1.0,6,ridge_bridge,bridge_combined
buyback_yield_x_bvps_growth_3m,29,29,0.0007524615842160063,1.0,6,ridge_bridge,bridge_combined
buyback_yield_x_pb_ratio,29,29,0.0006968001234894556,1.0,6,ridge_bridge,bridge_combined
npw_growth_yoy,29,29,0.0006512770969879893,1.0,6,ridge_bridge,bridge_combined
premium_growth_x_underwriting_margin,29,29,0.0006342005181551275,1.0,6,ridge_bridge,bridge_combined
bvps_growth_1m,29,29,0.0005556987134772139,1.0,6,ridge_bridge,bridge_combined
investment_yield_x_bvps,29,20,0.001865407257204531,0.6896551724137931,6,ridge_bridge,bridge_combined
investment_book_yield,29,20,0.0008485267670472664,0.6896551724137931,6,ridge_bridge,bridge_combined
pgr_premium_to_surplus,29,27,0.03101113989948871,0.9310344827586207,6,elastic_net_bridge,bridge_combined
bvps_growth_ytd,29,25,0.02612319853198309,0.8620689655172413,6,elastic_net_bridge,bridge_combined
bvps_growth_6m,29,24,0.028391975708729002,0.8275862068965517,6,elastic_net_bridge,bridge_combined
underwriting_income_growth_yoy,29,24,0.004617109319583656,0.8275862068965517,6,elastic_net_bridge,bridge_combined
current_bvps,29,23,0.03497365250923657,0.7931034482758621,6,elastic_net_bridge,bridge_combined
bvps_yoy_dollar_change,29,22,0.0172419599696945,0.7586206896551724,6,elastic_net_bridge,bridge_combined
bvps_growth_1m,29,22,0.006120653029325268,0.7586206896551724,6,elastic_net_bridge,bridge_combined
realized_gain_to_net_income_ratio,29,21,0.012043193229788956,0.7241379310344828,6,elastic_net_bridge,bridge_combined
npw_growth_yoy,29,21,0.005246429276840026,0.7241379310344828,6,elastic_net_bridge,bridge_combined
dividend_season_flag,29,21,0.0042357339038154316,0.7241379310344828,6,elastic_net_bridge,bridge_combined
unrealized_gain_pct_equity,29,20,0.011711103836077992,0.6896551724137931,6,elastic_net_bridge,bridge_combined
unrealized_gain_x_real_rate,29,19,0.012671488229617722,0.6551724137931034,6,elastic_net_bridge,bridge_combined
month_of_year,29,19,0.01066253856362315,0.6551724137931034,6,elastic_net_bridge,bridge_combined
buyback_yield_x_bvps_growth_3m,29,18,0.006395371538259437,0.6206896551724138,6,elastic_net_bridge,bridge_combined
premium_to_surplus_x_cr_delta,29,17,0.006081061134604475,0.5862068965517241,6,elastic_net_bridge,bridge_combined
bvps_growth_3m,29,17,0.005058967287768953,0.5862068965517241,6,elastic_net_bridge,bridge_combined
pif_growth_yoy,29,16,0.006044146070378826,0.5517241379310345,6,elastic_net_bridge,bridge_combined
q4_flag,29,15,0.00797693610657215,0.5172413793103449,6,elastic_net_bridge,bridge_combined
buyback_yield_x_pb_ratio,29,15,0.005631160523563697,0.5172413793103449,6,elastic_net_bridge,bridge_combined
underwriting_margin_ttm,29,13,0.009899218656887587,0.4482758620689655,6,elastic_net_bridge,bridge_combined
monthly_combined_ratio_delta,29,13,0.00850950769978444,0.4482758620689655,6,elastic_net_bridge,bridge_combined
investment_yield_x_bvps,29,11,0.018178302208021437,0.3793103448275862,6,elastic_net_bridge,bridge_combined
combined_ratio_ttm,29,10,0.008157968511879088,0.3448275862068966,6,elastic_net_bridge,bridge_combined
investment_book_yield,29,9,0.007041156251679442,0.3103448275862069,6,elastic_net_bridge,bridge_combined
buyback_yield,29,7,0.0004090407514956734,0.2413793103448276,6,elastic_net_bridge,bridge_combined
premium_growth_x_underwriting_margin,29,4,0.0024446272879909384,0.13793103448275862,6,elastic_net_bridge,bridge_combined
current_bvps,27,27,0.0044674783761915575,1.0,12,ridge_bridge,bvps_lags
bvps_yoy_dollar_change,27,27,0.001510919196894009,1.0,12,ridge_bridge,bvps_lags
bvps_growth_ytd,27,27,0.0013410060522632008,1.0,12,ridge_bridge,bvps_lags
bvps_growth_6m,27,27,0.0010165288139215433,1.0,12,ridge_bridge,bvps_lags
bvps_growth_3m,27,27,0.0008820450887566715,1.0,12,ridge_bridge,bvps_lags
bvps_growth_1m,27,27,0.0006607219908087475,1.0,12,ridge_bridge,bvps_lags
month_of_year,27,27,0.0003906094869424071,1.0,12,ridge_bridge,bvps_lags
dividend_season_flag,27,27,0.0003387152520512546,1.0,12,ridge_bridge,bvps_lags
q4_flag,27,27,0.0003335226801823404,1.0,12,ridge_bridge,bvps_lags
current_bvps,27,26,0.08774178477725102,0.9629629629629629,12,elastic_net_bridge,bvps_lags
bvps_growth_ytd,27,25,0.02640369951384285,0.9259259259259259,12,elastic_net_bridge,bvps_lags
bvps_yoy_dollar_change,27,24,0.029019294760649034,0.8888888888888888,12,elastic_net_bridge,bvps_lags
month_of_year,27,24,0.011859374743218723,0.8888888888888888,12,elastic_net_bridge,bvps_lags
bvps_growth_1m,27,24,0.0050915641603360776,0.8888888888888888,12,elastic_net_bridge,bvps_lags
bvps_growth_6m,27,22,0.014859783501045505,0.8148148148148148,12,elastic_net_bridge,bvps_lags
dividend_season_flag,27,21,0.004843061688770043,0.7777777777777778,12,elastic_net_bridge,bvps_lags
bvps_growth_3m,27,20,0.009741872065020458,0.7407407407407407,12,elastic_net_bridge,bvps_lags
q4_flag,27,8,0.0028515389751259256,0.2962962962962963,12,elastic_net_bridge,bvps_lags
combined_ratio_ttm,27,27,0.0024134847192514436,1.0,12,ridge_bridge,accounting_core
pif_growth_yoy,27,27,0.002356876727640158,1.0,12,ridge_bridge,accounting_core
underwriting_margin_ttm,27,27,0.002346406860602171,1.0,12,ridge_bridge,accounting_core
pgr_premium_to_surplus,27,27,0.0017511655031671933,1.0,12,ridge_bridge,accounting_core
unrealized_gain_pct_equity,27,27,0.0017172623884224724,1.0,12,ridge_bridge,accounting_core
buyback_yield,27,27,0.0016531255563657491,1.0,12,ridge_bridge,accounting_core
monthly_combined_ratio_delta,27,27,0.0015297537021340614,1.0,12,ridge_bridge,accounting_core
realized_gain_to_net_income_ratio,27,27,0.0013833621112839733,1.0,12,ridge_bridge,accounting_core
underwriting_income_growth_yoy,27,27,0.0011022680413105385,1.0,12,ridge_bridge,accounting_core
npw_growth_yoy,27,27,0.0009971749364987871,1.0,12,ridge_bridge,accounting_core
investment_book_yield,27,18,0.0010822754241784172,0.6666666666666666,12,ridge_bridge,accounting_core
pgr_premium_to_surplus,27,26,0.04402497834744563,0.9629629629629629,12,elastic_net_bridge,accounting_core
monthly_combined_ratio_delta,27,25,0.023381155189971477,0.9259259259259259,12,elastic_net_bridge,accounting_core
realized_gain_to_net_income_ratio,27,24,0.026380804139352464,0.8888888888888888,12,elastic_net_bridge,accounting_core
buyback_yield,27,24,0.012708119167530443,0.8888888888888888,12,elastic_net_bridge,accounting_core
pif_growth_yoy,27,23,0.0317772619044619,0.8518518518518519,12,elastic_net_bridge,accounting_core
npw_growth_yoy,27,23,0.0051816944527218675,0.8518518518518519,12,elastic_net_bridge,accounting_core
underwriting_income_growth_yoy,27,22,0.008034143975526173,0.8148148148148148,12,elastic_net_bridge,accounting_core
unrealized_gain_pct_equity,27,21,0.01883873620585279,0.7777777777777778,12,elastic_net_bridge,accounting_core
investment_book_yield,27,18,0.016850564475452405,0.6666666666666666,12,elastic_net_bridge,accounting_core
combined_ratio_ttm,27,14,0.03114480513795437,0.5185185185185185,12,elastic_net_bridge,accounting_core
underwriting_margin_ttm,27,9,0.018901234173039835,0.3333333333333333,12,elastic_net_bridge,accounting_core
buyback_yield_x_pb_ratio,27,27,0.0016183541471165791,1.0,12,ridge_bridge,logical_interactions
unrealized_gain_x_real_rate,27,27,0.0016064172191146916,1.0,12,ridge_bridge,logical_interactions
premium_to_surplus_x_cr_delta,27,27,0.001280526658762385,1.0,12,ridge_bridge,logical_interactions
premium_growth_x_underwriting_margin,27,27,0.000966989597653757,1.0,12,ridge_bridge,logical_interactions
buyback_yield_x_bvps_growth_3m,27,27,0.0007133262053045527,1.0,12,ridge_bridge,logical_interactions
investment_yield_x_bvps,27,18,0.003196653251210845,0.6666666666666666,12,ridge_bridge,logical_interactions
unrealized_gain_x_real_rate,27,26,0.030496981427736804,0.9629629629629629,12,elastic_net_bridge,logical_interactions
buyback_yield_x_pb_ratio,27,25,0.018531813326226502,0.9259259259259259,12,elastic_net_bridge,logical_interactions
premium_to_surplus_x_cr_delta,27,24,0.02403910788766866,0.8888888888888888,12,elastic_net_bridge,logical_interactions
buyback_yield_x_bvps_growth_3m,27,24,0.010466033630194898,0.8888888888888888,12,elastic_net_bridge,logical_interactions
premium_growth_x_underwriting_margin,27,23,0.006102500898871068,0.8518518518518519,12,elastic_net_bridge,logical_interactions
investment_yield_x_bvps,27,17,0.05153096041609461,0.6296296296296297,12,elastic_net_bridge,logical_interactions
current_bvps,27,27,0.003962696119949535,1.0,12,ridge_bridge,bridge_combined
combined_ratio_ttm,27,27,0.00220620649469952,1.0,12,ridge_bridge,bridge_combined
pif_growth_yoy,27,27,0.002139772234520442,1.0,12,ridge_bridge,bridge_combined
underwriting_margin_ttm,27,27,0.002138365985506518,1.0,12,ridge_bridge,bridge_combined
pgr_premium_to_surplus,27,27,0.001640608926231681,1.0,12,ridge_bridge,bridge_combined
unrealized_gain_pct_equity,27,27,0.001544548092773543,1.0,12,ridge_bridge,bridge_combined
buyback_yield,27,27,0.001474935532256749,1.0,12,ridge_bridge,bridge_combined
monthly_combined_ratio_delta,27,27,0.0013711573684451763,1.0,12,ridge_bridge,bridge_combined
unrealized_gain_x_real_rate,27,27,0.0013583788576842007,1.0,12,ridge_bridge,bridge_combined
buyback_yield_x_pb_ratio,27,27,0.0013534798911649566,1.0,12,ridge_bridge,bridge_combined
realized_gain_to_net_income_ratio,27,27,0.0012995049652361093,1.0,12,ridge_bridge,bridge_combined
bvps_yoy_dollar_change,27,27,0.001286364005870153,1.0,12,ridge_bridge,bridge_combined
bvps_growth_ytd,27,27,0.0012593999646877882,1.0,12,ridge_bridge,bridge_combined
premium_to_surplus_x_cr_delta,27,27,0.0011119389276430713,1.0,12,ridge_bridge,bridge_combined
underwriting_income_growth_yoy,27,27,0.0010189846696495447,1.0,12,ridge_bridge,bridge_combined
bvps_growth_6m,27,27,0.0009807847642013827,1.0,12,ridge_bridge,bridge_combined
npw_growth_yoy,27,27,0.0008721808937218362,1.0,12,ridge_bridge,bridge_combined
bvps_growth_3m,27,27,0.0008457529213497833,1.0,12,ridge_bridge,bridge_combined
premium_growth_x_underwriting_margin,27,27,0.0007728832104736684,1.0,12,ridge_bridge,bridge_combined
buyback_yield_x_bvps_growth_3m,27,27,0.0006656900605010966,1.0,12,ridge_bridge,bridge_combined
bvps_growth_1m,27,27,0.000626611644914146,1.0,12,ridge_bridge,bridge_combined
month_of_year,27,27,0.00036903861917069814,1.0,12,ridge_bridge,bridge_combined
dividend_season_flag,27,27,0.00031265519320279356,1.0,12,ridge_bridge,bridge_combined
q4_flag,27,27,0.00030747049082730155,1.0,12,ridge_bridge,bridge_combined
investment_yield_x_bvps,27,18,0.0028224441015151647,0.6666666666666666,12,ridge_bridge,bridge_combined
investment_book_yield,27,18,0.0010129697858101783,0.6666666666666666,12,ridge_bridge,bridge_combined
pgr_premium_to_surplus,27,24,0.030063493260647615,0.8888888888888888,12,elastic_net_bridge,bridge_combined
bvps_growth_ytd,27,24,0.024506264786896166,0.8888888888888888,12,elastic_net_bridge,bridge_combined
pif_growth_yoy,27,23,0.021902007257544195,0.8518518518518519,12,elastic_net_bridge,bridge_combined
month_of_year,27,23,0.007940434215731857,0.8518518518518519,12,elastic_net_bridge,bridge_combined
bvps_growth_1m,27,23,0.005406356658566038,0.8518518518518519,12,elastic_net_bridge,bridge_combined
dividend_season_flag,27,22,0.00401602615831729,0.8148148148148148,12,elastic_net_bridge,bridge_combined
current_bvps,27,21,0.05352490634197357,0.7777777777777778,12,elastic_net_bridge,bridge_combined
realized_gain_to_net_income_ratio,27,21,0.02455994405395625,0.7777777777777778,12,elastic_net_bridge,bridge_combined
underwriting_income_growth_yoy,27,21,0.004419965691193622,0.7777777777777778,12,elastic_net_bridge,bridge_combined
bvps_yoy_dollar_change,27,18,0.01563578106535864,0.6666666666666666,12,elastic_net_bridge,bridge_combined
buyback_yield,27,18,0.013888477679261955,0.6666666666666666,12,elastic_net_bridge,bridge_combined
npw_growth_yoy,27,18,0.0070063805846400495,0.6666666666666666,12,elastic_net_bridge,bridge_combined
bvps_growth_6m,27,17,0.013647074962645646,0.6296296296296297,12,elastic_net_bridge,bridge_combined
buyback_yield_x_bvps_growth_3m,27,17,0.006713580338896594,0.6296296296296297,12,elastic_net_bridge,bridge_combined
bvps_growth_3m,27,17,0.005976698172732999,0.6296296296296297,12,elastic_net_bridge,bridge_combined
premium_to_surplus_x_cr_delta,27,15,0.011944826530874038,0.5555555555555556,12,elastic_net_bridge,bridge_combined
unrealized_gain_x_real_rate,27,14,0.011432330161654668,0.5185185185185185,12,elastic_net_bridge,bridge_combined
combined_ratio_ttm,27,13,0.025691465578002642,0.48148148148148145,12,elastic_net_bridge,bridge_combined
monthly_combined_ratio_delta,27,13,0.02349944523203567,0.48148148148148145,12,elastic_net_bridge,bridge_combined
underwriting_margin_ttm,27,13,0.009204187248352487,0.48148148148148145,12,elastic_net_bridge,bridge_combined
investment_book_yield,27,12,0.012235700221095321,0.4444444444444444,12,elastic_net_bridge,bridge_combined
q4_flag,27,11,0.0030335835086199854,0.4074074074074074,12,elastic_net_bridge,bridge_combined
investment_yield_x_bvps,27,10,0.027155584066204583,0.37037037037037035,12,elastic_net_bridge,bridge_combined
buyback_yield_x_pb_ratio,27,10,0.014688918952833599,0.37037037037037035,12,elastic_net_bridge,bridge_combined
unrealized_gain_pct_equity,27,10,0.006874622208940799,0.37037037037037035,12,elastic_net_bridge,bridge_combined
premium_growth_x_underwriting_margin,27,6,0.0056816181490378205,0.2222222222222222,12,elastic_net_bridge,bridge_combined
